"product_id","product_title"
"B00CAEEDC0","Seat Pets Car Seat Toy"
"B00V5DM3RE","Yoga Joes - Green Army Men Toys"
"B008W1BPWQ","Peppa Pig 7 Wood Puzzles In Wooden Storage Box (styles will vary)"
"1591749352","Klutz Sticker Design Studio: Create Your Own Custom Stickers Craft Kit"
"B002LHA74O","Super Jumbo Playing Cards by S&S Worldwide"
"B00UZOPOFW","Emazing Lights eLite Flow Glow Sticks - Spinning Light LED Toy"
"B004C04I4I","Disney Baby: Eeyore Large Plush"
"B00JLKI69W","WOW Toys Town Advent Calendar"
"B00GNDY40U","Pokemon - Gyarados (31/113) - Legendary Treasures"
"B00WJ1OPMW","LeapFrog LeapTV Letter Factory Adventures Educational, Active Video Game"
"B00JVY9J1M","Winston Zeddmore & Ecto-1: Funko POP! Rides x Ghostbusters Vinyl Figure"
"B0013OY0S0","Claw Climber Goliath/ Disney's Gargoyles"
"B00NWGEKBY","Team Losi 8IGHT-E RTR AVC Electric 4WD Buggy Vehicle (1/8 Scale)"
"B004S8F7QM","Cards Against Humanity"
"B00FGPU7U2","Fisher-Price Octonauts Shellington's On-The-Go Pod Toy"
"B009T8BSQY","Alien Frontiers: Factions"
"B00519PJTW","100 Foot Multicolor Pennant Banner"
"B000PEOMC8","Intex River Run I Sport Lounge, Inflatable Water Float, 53 in Diameter"
"B00WAKEQLW","Whiffer Sniffers Mystery Pack 1 Scented Backpack Clip"
"B0101EHRSM","Big Bang Cosmic Pegasus (Pegasis) Metal 4D High Performance Generic Battling Top BB-105"
"B00000JS5S","Hot Wheels 48- Car storage Case With Easy Grip Carrying Case"
"B00L71H0F4","Barkology Princess the Poodle Hand Puppet"
"B00WTGGGRO","Pokemon - Double Dragon Energy (97/108) - XY Roaring Skies"
"B00M5AT30G","AmiGami Fox and Owl Figure 2-Pack"
"B00IGXV9UI","Disney Planes: Fire & Rescue Scoop & Spray Firefighter Dusty"
"B00MZ6BR3Q","Monster High Haunted Student Spirits Porter Geiss Doll"
"B004CLZRM4","Intex Mesh Lounge (Colors May Vary)"
"B00UMSVHD4","Lalaloopsy Girls Basic Doll- Prairie Dusty Trails"
"B000TFLAZA","Baby Einstein Octoplush"
"B00XPWXYDK","ZuZo 2.4GHz 4 CH 6 Axis Gyro RC Quadcopter Drone with Camera & LED Lights, 38 x 38 x 7cm"
"B003JT0L4Y","Ocean Life Stamps Birthday Party Supplies Loot Bag Accessories 24 Pieces per Unit"
"B00ARPLCGY","Barbie Doll and Fashions Barbie Gift Set"
"B000HZZT7W","LCR Dice Game (Red Chips)"
"B00407S11Y","Fun Express Insect Finger Puppets 12ct Toy"
"B00FZX71BI","Paraboard - Parallel Charging Board for Lipos with EC5 Connectors"
"B00KQUNNZ8","New Age Scare Halloween Party Pumpkin and Bat Hanging Round Lantern Decoration, Paper, 9"" Pack of 3"
"B00EDBY7X8","Monopoly Junior Board Game"
"B00D7JFOPC","56 Pieces of Wooden Train Track Compatible with All Major Train Brands"
"B001TCY2DO","Pig Jumbo Foil Balloon"
"B00VPXX92W","Teenage Mutant Ninja Turtles T-Machines Tiger Claw in Safari Truck Diecast Vehicle"
"B00D4NJSJE","The Game of Life Money and Asset Board Game, Fame Edition"
"B00BMKL5WY","LEGO Creative Tower Building Kit XXL 1600 Pieces 10664"
"B002G54DAA","BCW - Deluxe Currency Slab - Regular Bill - Dollar / Currency Collecting Supplies"
"B00PXWS1CY","Holy Stone F180C Mini RC Quadcopter Drone with Camera 2.4GHz 6-Axis Gyro Bonus Battery and 8 Blades"
"B009B7F6CA","Melissa & Doug Water Wow Coloring Book - Vehicles"
"B001CTOC8O","Star Wars Clone Wars Clone Trooper Child's Deluxe Captain Rex Costume"
"B00DOQCWF8","Minecraft Animal Toy (6-Pack)"
"B008AL15M8","Yu-Gi-Oh! - Solemn Judgment (GLD5-EN045) - Gold Series: Haunted Mine - Limited Edition - Ghost/Gold Hybrid Rare"
"B00YRA3H4U","Franklin Sports MLB Fold Away Batting Tee"
